case,turfs,round,phase,allocations,allocated_bytes,elapsed_ns,state_hash,consumer_work,consumer_chunks
initial_read,1000,1,mutation,0,0,100,1129b0c46ed2f455,0,0
initial_read,1000,1,consumer,0,0,0,1129b0c46ed2f455,0,0
initial_read,1000,2,mutation,0,0,0,1129b0c46ed2f455,0,0
initial_read,1000,2,consumer,0,0,0,1129b0c46ed2f455,0,0
initial_read,1000,3,mutation,0,0,0,1129b0c46ed2f455,0,0
initial_read,1000,3,consumer,0,0,100,1129b0c46ed2f455,0,0
add16,1000,1,mutation,2,16304,6200,d97b5e50d8ee50d5,0,0
add16,1000,1,consumer,0,0,100,d97b5e50d8ee50d5,0,0
add16,1000,2,mutation,2,16304,5800,d97b5e50d8ee50d5,0,0
add16,1000,2,consumer,0,0,0,d97b5e50d8ee50d5,0,0
add16,1000,3,mutation,2,16304,5500,d97b5e50d8ee50d5,0,0
add16,1000,3,consumer,0,0,100,d97b5e50d8ee50d5,0,0
remove16,1000,1,mutation,0,0,400,9d98030774b60741,0,0
remove16,1000,1,consumer,1,7872,15700,9d98030774b60741,0,0
remove16,1000,2,mutation,0,0,300,9d98030774b60741,0,0
remove16,1000,2,consumer,1,7872,15400,9d98030774b60741,0,0
remove16,1000,3,mutation,0,0,300,9d98030774b60741,0,0
remove16,1000,3,consumer,1,7872,15800,9d98030774b60741,0,0
remove75pct,1000,1,mutation,0,0,24800,2d4f584263761044,0,0
remove75pct,1000,1,consumer,0,0,100,2d4f584263761044,0,0
remove75pct,1000,2,mutation,0,0,31700,2d4f584263761044,0,0
remove75pct,1000,2,consumer,0,0,0,2d4f584263761044,0,0
remove75pct,1000,3,mutation,0,0,32500,2d4f584263761044,0,0
remove75pct,1000,3,consumer,0,0,0,2d4f584263761044,0,0
remove_readd16,1000,1,mutation,2,16304,4100,72e3063e7b846025,0,0
remove_readd16,1000,1,consumer,1,8000,22300,72e3063e7b846025,0,0
remove_readd16,1000,2,mutation,2,16304,7700,72e3063e7b846025,0,0
remove_readd16,1000,2,consumer,1,8000,19000,72e3063e7b846025,0,0
remove_readd16,1000,3,mutation,2,16304,10600,72e3063e7b846025,0,0
remove_readd16,1000,3,consumer,1,8000,19300,72e3063e7b846025,0,0
remove_burst64,1000,1,mutation,0,0,31700,d67e2802f53d4755,0,0
remove_burst64,1000,1,consumer,1,3904,9300,d67e2802f53d4755,0,0
remove_burst64,1000,2,mutation,0,0,32800,d67e2802f53d4755,0,0
remove_burst64,1000,2,consumer,1,3904,10100,d67e2802f53d4755,0,0
remove_burst64,1000,3,mutation,0,0,22700,d67e2802f53d4755,0,0
remove_burst64,1000,3,consumer,1,3904,7900,d67e2802f53d4755,0,0
first_chunk,1000,1,mutation,0,0,300,9d98030774b60741,1,1
first_chunk,1000,1,consumer,1,24,19600,9d98030774b60741,1,1
first_chunk,1000,2,mutation,0,0,300,9d98030774b60741,1,1
first_chunk,1000,2,consumer,1,24,500,9d98030774b60741,1,1
first_chunk,1000,3,mutation,0,0,300,9d98030774b60741,1,1
first_chunk,1000,3,consumer,1,24,400,9d98030774b60741,1,1
full_stage,1000,1,mutation,0,0,300,9d98030774b60741,1000,16
full_stage,1000,1,consumer,2,48,29800,9d98030774b60741,1000,16
full_stage,1000,2,mutation,0,0,300,9d98030774b60741,1000,16
full_stage,1000,2,consumer,2,48,22600,9d98030774b60741,1000,16
full_stage,1000,3,mutation,0,0,300,9d98030774b60741,1000,16
full_stage,1000,3,consumer,2,48,23200,9d98030774b60741,1000,16
burst_first_chunk,1000,1,mutation,0,0,23000,d67e2802f53d4755,1,1
burst_first_chunk,1000,1,consumer,1,24,500,d67e2802f53d4755,1,1
burst_first_chunk,1000,2,mutation,0,0,23600,d67e2802f53d4755,1,1
burst_first_chunk,1000,2,consumer,1,24,400,d67e2802f53d4755,1,1
burst_first_chunk,1000,3,mutation,0,0,23200,d67e2802f53d4755,1,1
burst_first_chunk,1000,3,consumer,1,24,400,d67e2802f53d4755,1,1
burst_full_stage,1000,1,mutation,0,0,23000,d67e2802f53d4755,496,8
burst_full_stage,1000,1,consumer,2,48,11100,d67e2802f53d4755,496,8
burst_full_stage,1000,2,mutation,0,0,22700,d67e2802f53d4755,496,8
burst_full_stage,1000,2,consumer,2,48,11200,d67e2802f53d4755,496,8
burst_full_stage,1000,3,mutation,0,0,22500,d67e2802f53d4755,496,8
burst_full_stage,1000,3,consumer,2,48,11300,d67e2802f53d4755,496,8
initial_read,10000,1,mutation,0,0,100,3cd5c2405fa90e45,0,0
initial_read,10000,1,consumer,0,0,0,3cd5c2405fa90e45,0,0
initial_read,10000,2,mutation,0,0,300,3cd5c2405fa90e45,0,0
initial_read,10000,2,consumer,0,0,0,3cd5c2405fa90e45,0,0
initial_read,10000,3,mutation,0,0,200,3cd5c2405fa90e45,0,0
initial_read,10000,3,consumer,0,0,0,3cd5c2405fa90e45,0,0
add16,10000,1,mutation,2,160304,45500,28783d8fb5ad4865,0,0
add16,10000,1,consumer,0,0,100,28783d8fb5ad4865,0,0
add16,10000,2,mutation,2,160304,36000,28783d8fb5ad4865,0,0
add16,10000,2,consumer,0,0,100,28783d8fb5ad4865,0,0
add16,10000,3,mutation,2,160304,34000,28783d8fb5ad4865,0,0
add16,10000,3,consumer,0,0,100,28783d8fb5ad4865,0,0
remove16,10000,1,mutation,0,0,1100,7e453818ec292d45,0,0
remove16,10000,1,consumer,1,79872,185600,7e453818ec292d45,0,0
remove16,10000,2,mutation,0,0,500,7e453818ec292d45,0,0
remove16,10000,2,consumer,1,79872,179200,7e453818ec292d45,0,0
remove16,10000,3,mutation,0,0,600,7e453818ec292d45,0,0
remove16,10000,3,consumer,1,79872,183600,7e453818ec292d45,0,0
remove75pct,10000,1,mutation,0,0,256900,b2a97a50d7147839,0,0
remove75pct,10000,1,consumer,0,0,0,b2a97a50d7147839,0,0
remove75pct,10000,2,mutation,0,0,291700,b2a97a50d7147839,0,0
remove75pct,10000,2,consumer,0,0,0,b2a97a50d7147839,0,0
remove75pct,10000,3,mutation,0,0,291000,b2a97a50d7147839,0,0
remove75pct,10000,3,consumer,0,0,0,b2a97a50d7147839,0,0
remove_readd16,10000,1,mutation,2,160304,42400,908226242d2f1705,0,0
remove_readd16,10000,1,consumer,1,80000,209800,908226242d2f1705,0,0
remove_readd16,10000,2,mutation,2,160304,7700,908226242d2f1705,0,0
remove_readd16,10000,2,consumer,1,80000,152800,908226242d2f1705,0,0
remove_readd16,10000,3,mutation,2,160304,36500,908226242d2f1705,0,0
remove_readd16,10000,3,consumer,1,80000,152100,908226242d2f1705,0,0
remove_burst64,10000,1,mutation,0,0,9900,93f3108e56126145,0,0
remove_burst64,10000,1,consumer,1,75904,178600,93f3108e56126145,0,0
remove_burst64,10000,2,mutation,0,0,9500,93f3108e56126145,0,0
remove_burst64,10000,2,consumer,1,75904,177800,93f3108e56126145,0,0
remove_burst64,10000,3,mutation,0,0,15100,93f3108e56126145,0,0
remove_burst64,10000,3,consumer,1,75904,291200,93f3108e56126145,0,0
first_chunk,10000,1,mutation,0,0,600,7e453818ec292d45,1,1
first_chunk,10000,1,consumer,1,24,1200,7e453818ec292d45,1,1
first_chunk,10000,2,mutation,0,0,800,7e453818ec292d45,1,1
first_chunk,10000,2,consumer,1,24,1300,7e453818ec292d45,1,1
first_chunk,10000,3,mutation,0,0,400,7e453818ec292d45,1,1
first_chunk,10000,3,consumer,1,24,500,7e453818ec292d45,1,1
full_stage,10000,1,mutation,0,0,800,7e453818ec292d45,10000,157
full_stage,10000,1,consumer,2,48,334000,7e453818ec292d45,10000,157
full_stage,10000,2,mutation,0,0,600,7e453818ec292d45,10000,157
full_stage,10000,2,consumer,2,48,264600,7e453818ec292d45,10000,157
full_stage,10000,3,mutation,0,0,600,7e453818ec292d45,10000,157
full_stage,10000,3,consumer,2,48,291500,7e453818ec292d45,10000,157
burst_first_chunk,10000,1,mutation,0,0,9200,93f3108e56126145,1,1
burst_first_chunk,10000,1,consumer,1,24,600,93f3108e56126145,1,1
burst_first_chunk,10000,2,mutation,0,0,9500,93f3108e56126145,1,1
burst_first_chunk,10000,2,consumer,1,24,800,93f3108e56126145,1,1
burst_first_chunk,10000,3,mutation,0,0,12300,93f3108e56126145,1,1
burst_first_chunk,10000,3,consumer,1,24,1000,93f3108e56126145,1,1
burst_full_stage,10000,1,mutation,0,0,10300,93f3108e56126145,10000,157
burst_full_stage,10000,1,consumer,2,48,265100,93f3108e56126145,10000,157
burst_full_stage,10000,2,mutation,0,0,9600,93f3108e56126145,10000,157
burst_full_stage,10000,2,consumer,2,48,265900,93f3108e56126145,10000,157
burst_full_stage,10000,3,mutation,0,0,9400,93f3108e56126145,10000,157
burst_full_stage,10000,3,consumer,2,48,256600,93f3108e56126145,10000,157
initial_read,100000,1,mutation,0,0,200,da18432f50bac8a5,0,0
initial_read,100000,1,consumer,0,0,0,da18432f50bac8a5,0,0
initial_read,100000,2,mutation,0,0,200,da18432f50bac8a5,0,0
initial_read,100000,2,consumer,0,0,0,da18432f50bac8a5,0,0
initial_read,100000,3,mutation,0,0,300,da18432f50bac8a5,0,0
initial_read,100000,3,consumer,0,0,100,da18432f50bac8a5,0,0
add16,100000,1,mutation,2,1600304,159600,9a872bd14ec26dc5,0,0
add16,100000,1,consumer,0,0,0,9a872bd14ec26dc5,0,0
add16,100000,2,mutation,2,1600304,151200,9a872bd14ec26dc5,0,0
add16,100000,2,consumer,0,0,0,9a872bd14ec26dc5,0,0
add16,100000,3,mutation,2,1600304,168500,9a872bd14ec26dc5,0,0
add16,100000,3,consumer,0,0,100,9a872bd14ec26dc5,0,0
remove16,100000,1,mutation,0,0,900,3521712e2f9b2245,0,0
remove16,100000,1,consumer,1,799872,2654700,3521712e2f9b2245,0,0
remove16,100000,2,mutation,0,0,1100,3521712e2f9b2245,0,0
remove16,100000,2,consumer,1,799872,2362700,3521712e2f9b2245,0,0
remove16,100000,3,mutation,0,0,1000,3521712e2f9b2245,0,0
remove16,100000,3,consumer,1,799872,2196800,3521712e2f9b2245,0,0
remove75pct,100000,1,mutation,0,0,4955300,1f60c627f7a3d805,0,0
remove75pct,100000,1,consumer,0,0,100,1f60c627f7a3d805,0,0
remove75pct,100000,2,mutation,0,0,4414500,1f60c627f7a3d805,0,0
remove75pct,100000,2,consumer,0,0,100,1f60c627f7a3d805,0,0
remove75pct,100000,3,mutation,0,0,4876600,1f60c627f7a3d805,0,0
remove75pct,100000,3,consumer,0,0,100,1f60c627f7a3d805,0,0
remove_readd16,100000,1,mutation,2,1600304,187100,ab919b3f5221cba5,0,0
remove_readd16,100000,1,consumer,1,800000,2120100,ab919b3f5221cba5,0,0
remove_readd16,100000,2,mutation,2,1600304,264500,ab919b3f5221cba5,0,0
remove_readd16,100000,2,consumer,1,800000,3290900,ab919b3f5221cba5,0,0
remove_readd16,100000,3,mutation,2,1600304,255600,ab919b3f5221cba5,0,0
remove_readd16,100000,3,consumer,1,800000,3512700,ab919b3f5221cba5,0,0
remove_burst64,100000,1,mutation,0,0,26700,47a1e818b41a1ba5,0,0
remove_burst64,100000,1,consumer,1,795904,7256500,47a1e818b41a1ba5,0,0
remove_burst64,100000,2,mutation,0,0,20600,47a1e818b41a1ba5,0,0
remove_burst64,100000,2,consumer,1,795904,2670700,47a1e818b41a1ba5,0,0
remove_burst64,100000,3,mutation,0,0,22200,47a1e818b41a1ba5,0,0
remove_burst64,100000,3,consumer,1,795904,4839700,47a1e818b41a1ba5,0,0
first_chunk,100000,1,mutation,0,0,1000,3521712e2f9b2245,1,1
first_chunk,100000,1,consumer,1,24,2200,3521712e2f9b2245,1,1
first_chunk,100000,2,mutation,0,0,1000,3521712e2f9b2245,1,1
first_chunk,100000,2,consumer,1,24,2100,3521712e2f9b2245,1,1
first_chunk,100000,3,mutation,0,0,1000,3521712e2f9b2245,1,1
first_chunk,100000,3,consumer,1,24,2900,3521712e2f9b2245,1,1
full_stage,100000,1,mutation,0,0,800,3521712e2f9b2245,100000,1563
full_stage,100000,1,consumer,2,48,5642500,3521712e2f9b2245,100000,1563
full_stage,100000,2,mutation,0,0,1100,3521712e2f9b2245,100000,1563
full_stage,100000,2,consumer,2,48,5449700,3521712e2f9b2245,100000,1563
full_stage,100000,3,mutation,0,0,900,3521712e2f9b2245,100000,1563
full_stage,100000,3,consumer,2,48,4905600,3521712e2f9b2245,100000,1563
burst_first_chunk,100000,1,mutation,0,0,14100,47a1e818b41a1ba5,1,1
burst_first_chunk,100000,1,consumer,1,24,1900,47a1e818b41a1ba5,1,1
burst_first_chunk,100000,2,mutation,0,0,22000,47a1e818b41a1ba5,1,1
burst_first_chunk,100000,2,consumer,1,24,2100,47a1e818b41a1ba5,1,1
burst_first_chunk,100000,3,mutation,0,0,14600,47a1e818b41a1ba5,1,1
burst_first_chunk,100000,3,consumer,1,24,1900,47a1e818b41a1ba5,1,1
burst_full_stage,100000,1,mutation,0,0,16300,47a1e818b41a1ba5,100000,1563
burst_full_stage,100000,1,consumer,2,48,3894900,47a1e818b41a1ba5,100000,1563
burst_full_stage,100000,2,mutation,0,0,22600,47a1e818b41a1ba5,100000,1563
burst_full_stage,100000,2,consumer,2,48,5098900,47a1e818b41a1ba5,100000,1563
burst_full_stage,100000,3,mutation,0,0,16300,47a1e818b41a1ba5,100000,1563
burst_full_stage,100000,3,consumer,2,48,6036100,47a1e818b41a1ba5,100000,1563
